--
-- PostgreSQL database dump
--

-- Dumped from database version 9.6.1
-- Dumped by pg_dump version 9.6.1

SET statement_timeout = 0;
SET lock_timeout = 0;
SET idle_in_transaction_session_timeout = 0;
SET client_encoding = 'UTF8';
SET standard_conforming_strings = on;
SET check_function_bodies = false;
SET client_min_messages = warning;
SET row_security = off;

--
-- Name: plpgsql; Type: EXTENSION; Schema: -; Owner: 
--

CREATE EXTENSION IF NOT EXISTS plpgsql WITH SCHEMA pg_catalog;


--
-- Name: EXTENSION plpgsql; Type: COMMENT; Schema: -; Owner: 
--

COMMENT ON EXTENSION plpgsql IS 'PL/pgSQL procedural language';


SET search_path = public, pg_catalog;

SET default_tablespace = '';

SET default_with_oids = false;

--
-- Name: artists; Type: TABLE; Schema: public; Owner: postgres
--

CREATE TABLE artists (
    artist_id integer NOT NULL,
    name character varying(40) NOT NULL
);


ALTER TABLE artists OWNER TO postgres;

--
-- Name: artists_artist_id_seq; Type: SEQUENCE; Schema: public; Owner: postgres
--

CREATE SEQUENCE artists_artist_id_seq
    START WITH 1
    INCREMENT BY 1
    NO MINVALUE
    NO MAXVALUE
    CACHE 1;


ALTER TABLE artists_artist_id_seq OWNER TO postgres;

--
-- Name: artists_artist_id_seq; Type: SEQUENCE OWNED BY; Schema: public; Owner: postgres
--

ALTER SEQUENCE artists_artist_id_seq OWNED BY artists.artist_id;


--
-- Name: character_sources; Type: TABLE; Schema: public; Owner: postgres
--

CREATE TABLE character_sources (
    character_id integer NOT NULL,
    danbooru_name character varying(100),
    pixiv_name character varying(50),
    minitokyo_name character varying(100)
);


ALTER TABLE character_sources OWNER TO postgres;

--
-- Name: character_tags; Type: TABLE; Schema: public; Owner: postgres
--

CREATE TABLE character_tags (
    picture_id bigint NOT NULL,
    tags_id integer NOT NULL,
    character_id integer NOT NULL,
    character_tag_id bigint NOT NULL
);


ALTER TABLE character_tags OWNER TO postgres;

--
-- Name: character_tags_character_tag_id_seq; Type: SEQUENCE; Schema: public; Owner: postgres
--

CREATE SEQUENCE character_tags_character_tag_id_seq
    START WITH 1
    INCREMENT BY 1
    NO MINVALUE
    NO MAXVALUE
    CACHE 1;


ALTER TABLE character_tags_character_tag_id_seq OWNER TO postgres;

--
-- Name: character_tags_character_tag_id_seq; Type: SEQUENCE OWNED BY; Schema: public; Owner: postgres
--

ALTER SEQUENCE character_tags_character_tag_id_seq OWNED BY character_tags.character_tag_id;


--
-- Name: characters; Type: TABLE; Schema: public; Owner: postgres
--

CREATE TABLE characters (
    character_id integer NOT NULL,
    name character varying(25) NOT NULL,
    family_name character varying(40),
    danbooru_name character varying(100)
);


ALTER TABLE characters OWNER TO postgres;

--
-- Name: characters_character_id_seq; Type: SEQUENCE; Schema: public; Owner: postgres
--

CREATE SEQUENCE characters_character_id_seq
    START WITH 1
    INCREMENT BY 1
    NO MINVALUE
    NO MAXVALUE
    CACHE 1;


ALTER TABLE characters_character_id_seq OWNER TO postgres;

--
-- Name: characters_character_id_seq; Type: SEQUENCE OWNED BY; Schema: public; Owner: postgres
--

ALTER SEQUENCE characters_character_id_seq OWNED BY characters.character_id;


--
-- Name: pictures; Type: TABLE; Schema: public; Owner: postgres
--

CREATE TABLE pictures (
    picture_id bigint NOT NULL,
    upload_date timestamp without time zone DEFAULT now() NOT NULL,
    create_date timestamp without time zone,
    size bigint NOT NULL,
    width smallint NOT NULL,
    height smallint NOT NULL,
    source character varying,
    location character varying(100) NOT NULL,
    md5_checksum character varying(32) NOT NULL,
    source_id bigint NOT NULL
);


ALTER TABLE pictures OWNER TO postgres;

--
-- Name: pictures_artists; Type: TABLE; Schema: public; Owner: postgres
--

CREATE TABLE pictures_artists (
    picture_id bigint NOT NULL,
    artist_id integer NOT NULL
);


ALTER TABLE pictures_artists OWNER TO postgres;

--
-- Name: pictures_characters; Type: TABLE; Schema: public; Owner: postgres
--

CREATE TABLE pictures_characters (
    picture_id bigint NOT NULL,
    character_id bigint NOT NULL
);


ALTER TABLE pictures_characters OWNER TO postgres;

--
-- Name: pictures_picture_id_seq; Type: SEQUENCE; Schema: public; Owner: postgres
--

CREATE SEQUENCE pictures_picture_id_seq
    START WITH 1
    INCREMENT BY 1
    NO MINVALUE
    NO MAXVALUE
    CACHE 1;


ALTER TABLE pictures_picture_id_seq OWNER TO postgres;

--
-- Name: pictures_picture_id_seq; Type: SEQUENCE OWNED BY; Schema: public; Owner: postgres
--

ALTER SEQUENCE pictures_picture_id_seq OWNED BY pictures.picture_id;


--
-- Name: pictures_series; Type: TABLE; Schema: public; Owner: postgres
--

CREATE TABLE pictures_series (
    picture_id bigint NOT NULL,
    series_id bigint NOT NULL
);


ALTER TABLE pictures_series OWNER TO postgres;

--
-- Name: series; Type: TABLE; Schema: public; Owner: postgres
--

CREATE TABLE series (
    series_id integer NOT NULL,
    name character varying(100) NOT NULL
);


ALTER TABLE series OWNER TO postgres;

--
-- Name: series_series_id_seq; Type: SEQUENCE; Schema: public; Owner: postgres
--

CREATE SEQUENCE series_series_id_seq
    START WITH 1
    INCREMENT BY 1
    NO MINVALUE
    NO MAXVALUE
    CACHE 1;


ALTER TABLE series_series_id_seq OWNER TO postgres;

--
-- Name: series_series_id_seq; Type: SEQUENCE OWNED BY; Schema: public; Owner: postgres
--

ALTER SEQUENCE series_series_id_seq OWNED BY series.series_id;


--
-- Name: sources_source_id_seq; Type: SEQUENCE; Schema: public; Owner: postgres
--

CREATE SEQUENCE sources_source_id_seq
    START WITH 101
    INCREMENT BY 1
    NO MINVALUE
    NO MAXVALUE
    CACHE 1;


ALTER TABLE sources_source_id_seq OWNER TO postgres;

--
-- Name: sources; Type: TABLE; Schema: public; Owner: postgres
--

CREATE TABLE sources (
    source_id bigint DEFAULT nextval('sources_source_id_seq'::regclass) NOT NULL,
    danbooru_id bigint,
    pixiv_id bigint,
    minitokyo_id integer
);


ALTER TABLE sources OWNER TO postgres;

--
-- Name: tags_dict; Type: TABLE; Schema: public; Owner: postgres
--

CREATE TABLE tags_dict (
    tag_id integer NOT NULL,
    name character varying(50) NOT NULL
);


ALTER TABLE tags_dict OWNER TO postgres;

--
-- Name: tags_tag_id_seq; Type: SEQUENCE; Schema: public; Owner: postgres
--

CREATE SEQUENCE tags_tag_id_seq
    START WITH 1
    INCREMENT BY 1
    NO MINVALUE
    NO MAXVALUE
    CACHE 1;


ALTER TABLE tags_tag_id_seq OWNER TO postgres;

--
-- Name: tags_tag_id_seq; Type: SEQUENCE OWNED BY; Schema: public; Owner: postgres
--

ALTER SEQUENCE tags_tag_id_seq OWNED BY tags_dict.tag_id;


--
-- Name: artists artist_id; Type: DEFAULT; Schema: public; Owner: postgres
--

ALTER TABLE ONLY artists ALTER COLUMN artist_id SET DEFAULT nextval('artists_artist_id_seq'::regclass);


--
-- Name: character_tags character_tag_id; Type: DEFAULT; Schema: public; Owner: postgres
--

ALTER TABLE ONLY character_tags ALTER COLUMN character_tag_id SET DEFAULT nextval('character_tags_character_tag_id_seq'::regclass);


--
-- Name: characters character_id; Type: DEFAULT; Schema: public; Owner: postgres
--

ALTER TABLE ONLY characters ALTER COLUMN character_id SET DEFAULT nextval('characters_character_id_seq'::regclass);


--
-- Name: pictures picture_id; Type: DEFAULT; Schema: public; Owner: postgres
--

ALTER TABLE ONLY pictures ALTER COLUMN picture_id SET DEFAULT nextval('pictures_picture_id_seq'::regclass);


--
-- Name: series series_id; Type: DEFAULT; Schema: public; Owner: postgres
--

ALTER TABLE ONLY series ALTER COLUMN series_id SET DEFAULT nextval('series_series_id_seq'::regclass);


--
-- Name: tags_dict tag_id; Type: DEFAULT; Schema: public; Owner: postgres
--

ALTER TABLE ONLY tags_dict ALTER COLUMN tag_id SET DEFAULT nextval('tags_tag_id_seq'::regclass);


--
-- Data for Name: artists; Type: TABLE DATA; Schema: public; Owner: postgres
--

COPY artists (artist_id, name) FROM stdin;
483	Okotoburi
485	Akira
486	Shirotsumekusa
487	Nirai kanai
488	Akira
489	Akira
508	Citron_82
509	Tetsukuzu_tetsuko
510	Kaya_(kayegoon)
511	Rabbitseijin
512	Harada_miyuki
513	Mokumokuissa
514	Nochi_(jyunchi)
515	Pantsu_(lootttyyyy)
516	Magicians_(zhkahogigzkh)
517	Kettle21
518	Ookami_maito
519	Kawanakajima
520	Jakojakojako
521	Tsukumo
522	Riyo_(lyomsnpmp)
523	Arkray
524	Porigon
525	Tom-neko_(zamudo_akiyuki)
526	Dogdogdog
527	Bifanghuanshi
528	Yeruen
529	Shimo_(s_kaminaka)
530	Offcar
531	Ikesin
532	Tsuedzu
533	Mayuki_(ubiquitous)
534	Mochaabx
535	Kettyj
537	Liu_lan
538	Ban
539	Haruhikohiko
540	Kuriiro_benishi
541	Nina_(pastime)
542	Kotomine_(a1569)
543	Himaya
544	Byulrorqual
545	Takeluuu
546	Kassa_jun
547	Neko7
548	Suzuki_tsuta
549	Takeuchi_takashi
550	Roknichi519
551	J_(onjj)
536	Bam_mmm
552	Ame_(conronca)
\.


--
-- Name: artists_artist_id_seq; Type: SEQUENCE SET; Schema: public; Owner: postgres
--

SELECT pg_catalog.setval('artists_artist_id_seq', 552, true);


--
-- Data for Name: character_sources; Type: TABLE DATA; Schema: public; Owner: postgres
--

COPY character_sources (character_id, danbooru_name, pixiv_name, minitokyo_name) FROM stdin;
\.


--
-- Data for Name: character_tags; Type: TABLE DATA; Schema: public; Owner: postgres
--

COPY character_tags (picture_id, tags_id, character_id, character_tag_id) FROM stdin;
662	4683	334	6822
662	4684	331	6823
663	4685	334	6824
663	4686	335	6825
663	4687	335	6826
663	4688	335	6827
663	4689	335	6828
665	4690	334	6829
665	4691	331	6830
665	4692	331	6831
665	4693	334	6832
665	4693	331	6833
665	4694	331	6834
665	4695	334	6835
665	4695	331	6836
665	4696	334	6837
665	4697	334	6838
665	4698	334	6839
665	4699	331	6840
665	4700	334	6841
665	4700	331	6842
665	4701	331	6843
665	4702	334	6844
665	4703	334	6845
665	4703	331	6846
665	4704	334	6847
685	4683	334	7220
685	5057	334	7221
685	5058	334	7222
685	5059	334	7223
685	5060	334	7224
685	5061	334	7225
685	5062	334	7226
685	5063	334	7227
685	5064	334	7228
685	5065	334	7229
685	5066	334	7230
685	5067	334	7231
685	5068	334	7232
685	4701	334	7233
685	5069	334	7234
685	5070	334	7235
685	5071	334	7236
685	5072	334	7237
686	4683	334	7238
686	5073	334	7239
686	5074	334	7240
686	5075	334	7241
686	5076	334	7242
686	5077	334	7243
686	5078	334	7244
686	5079	334	7245
686	5080	334	7246
686	5081	334	7247
686	5082	334	7248
686	5083	334	7249
686	4701	334	7250
686	5084	334	7251
686	5085	334	7252
686	5086	334	7253
686	5087	334	7254
686	5088	334	7255
686	5089	334	7256
687	4683	334	7257
687	5090	334	7258
687	5091	334	7259
687	5092	334	7260
687	5093	334	7261
687	5094	334	7262
687	5095	334	7263
687	5096	334	7264
687	5097	334	7265
687	5098	334	7266
687	5099	334	7267
687	5100	334	7268
687	5101	334	7269
687	5102	334	7270
687	5103	334	7271
688	4683	334	7272
688	5104	334	7273
688	5105	334	7274
688	5106	334	7275
688	5107	334	7276
688	5108	334	7277
688	5109	334	7278
688	5110	334	7279
688	5111	334	7280
688	5112	334	7281
688	5113	334	7282
688	5114	334	7283
688	5115	334	7284
688	5116	334	7285
688	5117	334	7286
688	5118	334	7287
688	5119	334	7288
688	5120	334	7289
688	5121	334	7290
688	5122	334	7291
688	5123	334	7292
688	5124	334	7293
688	5125	334	7294
688	5126	334	7295
689	4683	334	7296
689	5127	334	7297
689	5128	334	7298
689	5129	334	7299
689	5130	334	7300
689	5131	334	7301
689	5132	334	7302
689	5133	334	7303
689	5134	334	7304
689	5135	334	7305
689	5136	334	7306
689	5137	334	7307
689	5138	334	7308
689	5139	334	7309
689	5140	334	7310
689	5141	334	7311
689	5142	334	7312
689	5143	334	7313
689	5144	334	7314
689	5145	334	7315
689	5146	334	7316
689	5147	334	7317
689	5148	334	7318
689	5149	334	7319
690	4683	334	7320
690	5150	334	7321
690	5151	334	7322
690	5152	334	7323
690	5153	334	7324
690	5154	334	7325
690	5155	334	7326
690	5156	334	7327
690	5157	334	7328
690	5158	334	7329
690	5159	334	7330
690	5160	334	7331
690	5161	334	7332
690	5162	334	7333
691	4683	334	7334
691	5163	334	7335
691	5164	334	7336
691	5165	334	7337
691	5166	334	7338
691	5167	334	7339
691	5168	334	7340
691	5169	334	7341
691	5170	334	7342
691	5171	334	7343
691	5172	334	7344
691	5173	334	7345
692	4683	334	7346
692	5174	334	7347
692	5175	334	7348
692	5176	334	7349
692	5177	334	7350
692	5178	334	7351
692	5179	334	7352
692	5180	334	7353
692	5181	334	7354
692	5182	334	7355
692	5183	334	7356
692	5184	334	7357
692	5185	334	7358
692	5186	334	7359
692	5187	334	7360
692	5188	334	7361
692	5189	334	7362
692	5190	334	7363
692	5191	334	7364
692	5192	334	7365
692	5193	334	7366
692	5194	334	7367
692	5195	334	7368
692	5196	334	7369
692	5197	334	7370
692	5198	334	7371
692	5199	334	7372
692	5200	334	7373
693	4683	334	7374
693	5201	334	7375
693	5202	334	7376
693	5203	334	7377
693	5204	334	7378
693	5205	334	7379
693	5206	334	7380
693	5207	334	7381
693	5208	334	7382
693	5209	334	7383
693	5210	334	7384
693	5211	334	7385
693	5212	334	7386
693	5213	334	7387
693	5214	334	7388
693	5215	334	7389
693	5216	334	7390
693	5217	334	7391
694	4683	334	7392
694	5218	334	7393
694	5219	334	7394
694	5220	334	7395
694	5221	334	7396
694	5222	334	7397
694	5223	334	7398
694	5224	334	7399
694	5225	334	7400
695	4684	334	7401
695	5226	334	7402
695	5227	334	7403
695	5228	334	7404
695	5229	334	7405
695	5230	334	7406
695	5231	334	7407
695	5232	334	7408
695	5233	334	7409
695	5234	334	7410
695	5235	334	7411
695	5236	334	7412
695	5237	334	7413
695	5238	334	7414
695	5239	334	7415
695	5240	334	7416
695	5241	334	7417
695	5242	334	7418
695	5243	334	7419
695	5244	334	7420
695	5245	334	7421
695	5246	334	7422
695	5247	334	7423
695	5248	334	7424
695	5249	334	7425
695	5250	334	7426
695	5251	334	7427
695	5252	334	7428
695	5253	334	7429
695	5254	334	7430
695	5255	334	7431
695	5256	334	7432
695	5257	334	7433
696	4684	334	7434
696	5258	334	7435
696	5259	334	7436
696	5260	334	7437
696	5261	334	7438
696	5262	334	7439
696	5263	334	7440
696	5264	334	7441
696	5265	334	7442
696	5266	334	7443
696	5267	334	7444
696	5268	334	7445
696	5269	334	7446
696	5270	334	7447
696	5271	334	7448
696	5272	334	7449
696	5273	334	7450
696	5274	334	7451
696	5275	334	7452
696	5276	334	7453
696	5277	334	7454
696	5278	334	7455
696	5279	334	7456
696	5280	334	7457
696	5281	334	7458
696	5282	334	7459
696	5283	334	7460
696	5284	334	7461
696	5285	334	7462
696	4701	334	7463
696	5286	334	7464
696	5287	334	7465
696	5288	334	7466
696	5289	334	7467
696	5290	334	7468
697	4684	334	7469
697	5291	334	7470
697	5292	334	7471
697	5293	334	7472
697	5294	334	7473
697	5295	334	7474
697	5296	334	7475
697	5297	334	7476
697	4693	334	7477
697	5298	334	7478
697	5299	334	7479
697	5300	334	7480
697	5301	334	7481
697	5302	334	7482
697	5303	334	7483
697	5304	334	7484
697	5305	334	7485
697	5306	334	7486
697	5307	334	7487
697	5308	334	7488
697	5309	334	7489
697	5310	334	7490
697	5311	334	7491
697	5312	334	7492
697	5313	334	7493
697	5314	334	7494
697	5315	334	7495
697	5316	334	7496
697	5317	334	7497
697	5318	334	7498
697	5319	334	7499
697	5320	334	7500
697	5321	334	7501
698	4683	334	7502
698	5322	334	7503
698	5323	334	7504
698	5324	334	7505
698	5325	334	7506
698	5326	334	7507
698	5327	334	7508
698	5328	334	7509
698	5329	334	7510
698	5330	334	7511
698	5331	334	7512
698	5332	334	7513
698	5333	334	7514
698	5334	334	7515
698	5335	334	7516
698	5336	334	7517
698	5337	334	7518
699	4683	334	7519
699	5338	334	7520
699	5339	334	7521
699	5340	334	7522
699	5341	334	7523
699	5342	334	7524
699	5343	334	7525
699	5344	334	7526
699	4701	334	7527
699	5345	334	7528
699	5346	334	7529
699	5347	334	7530
700	4683	334	7531
700	5348	334	7532
700	5349	334	7533
700	5350	334	7534
700	5351	334	7535
700	5352	334	7536
700	5353	334	7537
700	5354	334	7538
700	5355	334	7539
700	5356	334	7540
700	5357	334	7541
700	5358	334	7542
700	5359	334	7543
700	5360	334	7544
700	5361	334	7545
701	4683	334	7546
701	5362	334	7547
701	5363	334	7548
701	5364	334	7549
701	5365	334	7550
701	5366	334	7551
701	5367	334	7552
701	5368	334	7553
701	5369	334	7554
701	5370	334	7555
702	4685	334	7556
702	5371	334	7557
702	5107	334	7558
702	5129	334	7559
702	5372	334	7560
702	5373	334	7561
702	5374	334	7562
702	5060	334	7563
702	5061	334	7564
702	5133	334	7565
702	5375	334	7566
702	5376	334	7567
702	5117	334	7568
702	5377	334	7569
702	5154	334	7570
702	5378	334	7571
702	5379	334	7572
702	5186	334	7573
702	5063	334	7574
702	5064	334	7575
702	5168	334	7576
702	5312	334	7577
702	5380	334	7578
702	5381	334	7579
702	5069	334	7580
702	5252	334	7581
702	5072	334	7582
703	4685	334	7583
703	5382	334	7584
703	5383	334	7585
703	5127	334	7586
703	5384	334	7587
703	5201	334	7588
703	5385	334	7589
703	5386	334	7590
703	5129	334	7591
703	5387	334	7592
703	5388	334	7593
703	5389	334	7594
703	5264	334	7595
703	5230	334	7596
703	5060	334	7597
703	5061	334	7598
703	5133	334	7599
703	5390	334	7600
703	5391	334	7601
703	5392	334	7602
703	5154	334	7603
703	5155	334	7604
703	5185	334	7605
703	5393	334	7606
703	5394	334	7607
703	5186	334	7608
703	5063	334	7609
703	5064	334	7610
703	5208	334	7611
703	5209	334	7612
703	5395	334	7613
703	5396	334	7614
703	5397	334	7615
703	5168	334	7616
703	5398	334	7617
703	5192	334	7618
703	5069	334	7619
703	5399	334	7620
703	5149	334	7621
703	5072	334	7622
703	5400	334	7623
704	4686	334	7624
704	5401	334	7625
704	5258	334	7626
704	5261	334	7627
704	5263	334	7628
704	5059	334	7629
704	5176	334	7630
704	5402	334	7631
704	5166	334	7632
704	5275	334	7633
704	5186	334	7634
704	5192	334	7635
704	5069	334	7636
704	5147	334	7637
704	5403	334	7638
704	5149	334	7639
704	5199	334	7640
704	5404	334	7641
704	5126	334	7642
705	4686	334	7643
705	5258	334	7644
705	5405	334	7645
705	5261	334	7646
705	5059	334	7647
705	5165	334	7648
705	5166	334	7649
705	5406	334	7650
705	5407	334	7651
705	5275	334	7652
705	5408	334	7653
705	5409	334	7654
705	5410	334	7655
705	5069	334	7656
705	5147	334	7657
705	5411	334	7658
705	5149	334	7659
706	4685	334	7660
706	5412	334	7661
706	5413	334	7662
706	5073	334	7663
706	5414	334	7664
706	5338	334	7665
706	5415	334	7666
706	5416	334	7667
706	5417	334	7668
706	5418	334	7669
706	5227	334	7670
706	5129	334	7671
706	5419	334	7672
706	5420	334	7673
706	5421	334	7674
706	5060	334	7675
706	5061	334	7676
706	5422	334	7677
706	5133	334	7678
706	5079	334	7679
706	5096	334	7680
706	5154	334	7681
706	5186	334	7682
706	5064	334	7683
706	5423	334	7684
706	5424	334	7685
706	5425	334	7686
706	5426	334	7687
706	5247	334	7688
706	5284	334	7689
706	5427	334	7690
706	5069	334	7691
706	5146	334	7692
706	5428	334	7693
706	5429	334	7694
706	5072	334	7695
707	4685	334	7696
707	5430	334	7697
707	5060	334	7698
707	5061	334	7699
707	5431	334	7700
707	5432	334	7701
707	5064	334	7702
707	5069	334	7703
707	5149	334	7704
707	5072	334	7705
708	4685	334	7706
708	5150	334	7707
708	5433	334	7708
708	5434	334	7709
708	5435	334	7710
708	5064	334	7711
708	5436	334	7712
708	5069	334	7713
708	5085	334	7714
708	5437	334	7715
708	5071	334	7716
708	5072	334	7717
709	4686	334	7718
709	5438	334	7719
709	5258	334	7720
709	5059	334	7721
709	5305	334	7722
709	5275	334	7723
709	5242	334	7724
709	5243	334	7725
709	5312	334	7726
709	5285	334	7727
709	5069	334	7728
709	5070	334	7729
709	5319	334	7730
709	5257	334	7731
710	4686	334	7732
710	5439	334	7733
710	5258	334	7734
710	5059	334	7735
710	5305	334	7736
710	5275	334	7737
710	5242	334	7738
710	5243	334	7739
710	5312	334	7740
710	5285	334	7741
710	5069	334	7742
710	5070	334	7743
710	5319	334	7744
710	5257	334	7745
711	4686	334	7746
711	5440	334	7747
711	5058	334	7748
711	5060	334	7749
711	5061	334	7750
711	5182	334	7751
711	5080	334	7752
711	5063	334	7753
711	5247	334	7754
711	5068	334	7755
711	5285	334	7756
711	5441	334	7757
711	5069	334	7758
711	5442	334	7759
711	5199	334	7760
712	4686	334	7761
712	5258	334	7762
712	5202	334	7763
712	5059	334	7764
712	5166	334	7765
712	5275	334	7766
712	5242	334	7767
712	5243	334	7768
712	5249	334	7769
712	5250	334	7770
712	5069	334	7771
712	5254	334	7772
712	5072	334	7773
712	5126	334	7774
713	4685	334	7775
713	5060	334	7776
713	5061	334	7777
713	5064	334	7778
713	5443	334	7779
713	5069	334	7780
713	5072	334	7781
714	4685	334	7782
714	5060	334	7783
714	5061	334	7784
714	5096	334	7785
714	5156	334	7786
714	5064	334	7787
714	5069	334	7788
714	5072	334	7789
715	4685	334	7790
715	5060	334	7791
715	5061	334	7792
715	5064	334	7793
715	5069	334	7794
715	5072	334	7795
716	4685	334	7796
716	5058	334	7797
716	5060	334	7798
716	5061	334	7799
716	5137	334	7800
716	5069	334	7801
716	5147	334	7802
716	5148	334	7803
716	5149	334	7804
716	5072	334	7805
717	4686	334	7806
717	5073	334	7807
717	5258	334	7808
717	5444	334	7809
717	5445	334	7810
717	5107	334	7811
717	5297	334	7812
717	5261	334	7813
717	5059	334	7814
717	5446	334	7815
717	5165	334	7816
717	5303	334	7817
717	5117	334	7818
717	5096	334	7819
717	5166	334	7820
717	5447	334	7821
717	5275	334	7822
717	5063	334	7823
717	5242	334	7824
717	5448	334	7825
717	5243	334	7826
717	5449	334	7827
717	5450	334	7828
717	5451	334	7829
717	5069	334	7830
717	5147	334	7831
717	5149	334	7832
718	4686	334	7833
718	5258	334	7834
718	5452	334	7835
718	5338	334	7836
718	5453	334	7837
718	5297	334	7838
718	5059	334	7839
718	5454	334	7840
718	5455	334	7841
718	5096	334	7842
718	5192	334	7843
718	5069	334	7844
718	5070	334	7845
718	5456	334	7846
719	4686	334	7847
719	5258	334	7848
719	5457	334	7849
719	5338	334	7850
719	5458	334	7851
719	5297	334	7852
719	5059	334	7853
719	5459	334	7854
719	5460	334	7855
719	5096	334	7856
719	5192	334	7857
719	5069	334	7858
719	5070	334	7859
719	5461	334	7860
720	4686	334	7861
720	5462	334	7862
720	5463	334	7863
720	5464	334	7864
720	5109	334	7865
720	5180	334	7866
720	5137	334	7867
720	5465	334	7868
720	5096	334	7869
720	5466	334	7870
720	5467	334	7871
720	5468	334	7872
720	5469	334	7873
720	5069	334	7874
720	5071	334	7875
721	4690	334	7876
721	5387	334	7877
721	5076	334	7878
721	5077	334	7879
721	5470	334	7880
721	5081	334	7881
721	5084	334	7882
721	5162	334	7883
721	5089	334	7884
722	4690	334	7885
722	5076	334	7886
722	5077	334	7887
722	5471	334	7888
722	5166	334	7889
722	5081	334	7890
722	5084	334	7891
722	5161	334	7892
722	5162	334	7893
722	5089	334	7894
723	4690	334	7895
723	5472	334	7896
723	5387	334	7897
723	5076	334	7898
723	5077	334	7899
723	5119	334	7900
723	5081	334	7901
723	5084	334	7902
723	5162	334	7903
723	5089	334	7904
724	4690	334	7905
724	5058	334	7906
724	5076	334	7907
724	5077	334	7908
724	5165	334	7909
724	5166	334	7910
724	5081	334	7911
724	5084	334	7912
724	5089	334	7913
725	4690	334	7914
725	5473	334	7915
725	5059	334	7916
725	5076	334	7917
725	5077	334	7918
725	5474	334	7919
725	5166	334	7920
725	5475	334	7921
725	5081	334	7922
725	5084	334	7923
725	5161	334	7924
725	5162	334	7925
725	5089	334	7926
726	4691	334	7927
726	5298	334	7928
726	5362	334	7929
726	5233	334	7930
726	5234	334	7931
726	5476	334	7932
726	5084	334	7933
726	5477	334	7934
727	4691	334	7935
727	5478	334	7936
727	5233	334	7937
727	5234	334	7938
727	5084	334	7939
727	5479	334	7940
727	5456	334	7941
728	4690	334	7942
728	5480	334	7943
728	5294	334	7944
728	5387	334	7945
728	5076	334	7946
728	5077	334	7947
728	5303	334	7948
728	5481	334	7949
728	5304	334	7950
728	5183	334	7951
728	5081	334	7952
728	5482	334	7953
728	5483	334	7954
728	5188	334	7955
728	5484	334	7956
728	5468	334	7957
728	5143	334	7958
728	5084	334	7959
728	5485	334	7960
728	5486	334	7961
728	5162	334	7962
728	5089	334	7963
729	4690	334	7964
729	5076	334	7965
729	5077	334	7966
729	5183	334	7967
729	5206	334	7968
729	5081	334	7969
729	5190	334	7970
729	5084	334	7971
729	5089	334	7972
730	4691	334	7973
730	5291	334	7974
730	5150	334	7975
730	5487	334	7976
730	5488	334	7977
730	5130	334	7978
730	5059	334	7979
730	5302	334	7980
730	5165	334	7981
730	5489	334	7982
730	5307	334	7983
730	5242	334	7984
730	5278	334	7985
730	5168	334	7986
730	5249	334	7987
730	5283	334	7988
730	5490	334	7989
730	5143	334	7990
730	5084	334	7991
730	5161	334	7992
730	5070	334	7993
730	5162	334	7994
730	5089	334	7995
731	4690	334	7996
731	5491	334	7997
731	5058	334	7998
731	5076	334	7999
731	5077	334	8000
731	5166	334	8001
731	5081	334	8002
731	5084	334	8003
731	5161	334	8004
731	5162	334	8005
731	5089	334	8006
732	4690	334	8007
732	5299	334	8008
732	5076	334	8009
732	5077	334	8010
732	5276	334	8011
732	5081	334	8012
732	5355	334	8013
732	5367	334	8014
732	5143	334	8015
732	4701	334	8016
732	5084	334	8017
732	5161	334	8018
732	5492	334	8019
732	5493	334	8020
732	5162	334	8021
733	4690	334	8022
733	5494	334	8023
733	5387	334	8024
733	5299	334	8025
733	5076	334	8026
733	5077	334	8027
733	5137	334	8028
733	5184	334	8029
733	5155	334	8030
733	5276	334	8031
733	5081	334	8032
733	5355	334	8033
733	5367	334	8034
733	5143	334	8035
733	5084	334	8036
733	5161	334	8037
733	5495	334	8038
733	5496	334	8039
733	5162	334	8040
734	4690	334	8041
734	5299	334	8042
734	5076	334	8043
734	5077	334	8044
734	5184	334	8045
734	5271	334	8046
734	5155	334	8047
734	5276	334	8048
734	5081	334	8049
734	5355	334	8050
734	5367	334	8051
734	5143	334	8052
734	5084	334	8053
734	5161	334	8054
734	5497	334	8055
734	5498	334	8056
734	5162	334	8057
735	4690	334	8058
735	5499	334	8059
735	5387	334	8060
735	5299	334	8061
735	5076	334	8062
735	5077	334	8063
735	5137	334	8064
735	5184	334	8065
735	5155	334	8066
735	5276	334	8067
735	5081	334	8068
735	5355	334	8069
735	5367	334	8070
735	5143	334	8071
735	5084	334	8072
735	5161	334	8073
735	5500	334	8074
735	5501	334	8075
735	5162	334	8076
736	4690	334	8077
736	5076	334	8078
736	5165	334	8079
736	5137	334	8080
736	5166	334	8081
736	5081	334	8082
736	5502	334	8083
736	5084	334	8084
736	5162	334	8085
736	5089	334	8086
737	4690	334	8087
737	5387	334	8088
737	5076	334	8089
737	5081	334	8090
737	5468	334	8091
737	5084	334	8092
737	5162	334	8093
737	5089	334	8094
738	4690	334	8095
738	5387	334	8096
738	5202	334	8097
738	5081	334	8098
738	5503	334	8099
738	5084	334	8100
738	5162	334	8101
738	5089	334	8102
739	4690	334	8103
739	5076	334	8104
739	5081	334	8105
739	5504	334	8106
739	5084	334	8107
739	5148	334	8108
739	5089	334	8109
740	4690	334	8110
740	5433	334	8111
740	5445	334	8112
740	5058	334	8113
740	5076	334	8114
740	5081	334	8115
740	5084	334	8116
740	5089	334	8117
\.


--
-- Name: character_tags_character_tag_id_seq; Type: SEQUENCE SET; Schema: public; Owner: postgres
--

SELECT pg_catalog.setval('character_tags_character_tag_id_seq', 8117, true);


--
-- Data for Name: characters; Type: TABLE DATA; Schema: public; Owner: postgres
--

COPY characters (character_id, name, family_name, danbooru_name) FROM stdin;
365	Red riding hood (grimm)	Little	\N
366	Von einzbern	Illyasviel	\N
334	Archer	\N	archer
330	Ishtar	\N	ishtar (fate/grand order)
335	Chloe	Von einzbern	chloe von einzbern
348	Muramasa (touken ranbu)	Sengo	\N
349	Jun&#39;ichi	Suwabe	\N
350	Shirou	Emiya	\N
351	Shirou (prisma illya)	Emiya	\N
352	(kantai collection)	Shoukaku	\N
353	Cantacuzino	Constantia	\N
354	(fate/extra)	Rider	\N
357	Over	Limited/zero	\N
358	(fate/stay night)	Assassin	\N
359	Berserker	\N	\N
360	Caster	\N	\N
361	Gilgamesh	\N	\N
362	Kirei	Kotomine	\N
363	Lancer	\N	\N
364	Saber	\N	\N
356	Shirou	Emiya	\N
355	Von einzbern	Illyasviel	\N
331	Rin	Toosaka	toosaka rin
\.


--
-- Name: characters_character_id_seq; Type: SEQUENCE SET; Schema: public; Owner: postgres
--

SELECT pg_catalog.setval('characters_character_id_seq', 366, true);


--
-- Data for Name: pictures; Type: TABLE DATA; Schema: public; Owner: postgres
--

COPY pictures (picture_id, upload_date, create_date, size, width, height, source, location, md5_checksum, source_id) FROM stdin;
701	0001-01-01 00:00:00	0001-01-01 00:00:00	912616	1200	1200	http://www.pixiv.net/member_illust.php?mode=medium&amp;illust_id=46332570	/Images/c8dc55d3edc4d57597d9abad1144b8ae.jpg	c8dc55d3edc4d57597d9abad1144b8ae	714
702	0001-01-01 00:00:00	0001-01-01 00:00:00	316276	1000	820	http://www.pixiv.net/member_illust.php?mode=medium&amp;illust_id=56434971	/Images/e94e01f7bf1485f7f11c90c88a19c7d5.jpg	e94e01f7bf1485f7f11c90c88a19c7d5	715
703	0001-01-01 00:00:00	0001-01-01 00:00:00	192748	583	800	http://www.pixiv.net/member_illust.php?mode=medium&amp;illust_id=56434971	/Images/8794e2e5f341b974dff4d1dcdb42bd13.jpg	8794e2e5f341b974dff4d1dcdb42bd13	716
662	2017-01-15 20:33:48	0001-01-01 00:00:00	143205	715	1000	https://twitter.com/CrazyCloverClub/status/803600211138355200	/Images/9e433c4d8f11bf2e41e67c5cfdd9fa6c.jpg	9e433c4d8f11bf2e41e67c5cfdd9fa6c	675
704	0001-01-01 00:00:00	0001-01-01 00:00:00	36153	615	750	https://twitter.com/tomuneko4423/status/601402835587059712	/Images/95da0a276e270f553bc70ee42cb02f16.jpg	95da0a276e270f553bc70ee42cb02f16	717
705	0001-01-01 00:00:00	0001-01-01 00:00:00	75596	495	700	https://twitter.com/showerdog_op/status/719478363501400064	/Images/691a61c7138a11546e2e9322d994ab55.jpg	691a61c7138a11546e2e9322d994ab55	718
663	2017-01-15 21:00:16	0001-01-01 00:00:00	1747190	1080	1440	http://www.pixiv.net/member_illust.php?mode=medium&amp;illust_id=60304809	/Images/1ea1f416260eef5972b7bde0e98f7dd8.png	1ea1f416260eef5972b7bde0e98f7dd8	676
659	0001-01-01 00:00:00	0001-01-01 00:00:00	152990	1000	1414	http://www.pixiv.net/member_illust.php?mode=medium&amp;illust_id=60911703	/Images/dd17b73d644e1b3ab4de5cfdbb557134.jpg	dd17b73d644e1b3ab4de5cfdbb557134	672
706	0001-01-01 00:00:00	0001-01-01 00:00:00	765394	1600	1530	http://www.pixiv.net/member_illust.php?mode=medium&amp;illust_id=56094972	/Images/3b37a01950745d531b0c6a26fe33f31b.jpg	3b37a01950745d531b0c6a26fe33f31b	719
665	2017-01-15 22:54:08	0001-01-01 00:00:00	753165	1181	874	http://www.pixiv.net/member_illust.php?mode=medium&amp;illust_id=54348754	/Images/a9260780fbf5cfd661878f92a268124e.jpg	a9260780fbf5cfd661878f92a268124e	678
685	0001-01-01 00:00:00	0001-01-01 00:00:00	941776	1000	1125	https://twitter.com/Citron_82/status/820224698772385792	/Images/4ce2a9b817a20922177421946334fd62.png	4ce2a9b817a20922177421946334fd62	698
686	0001-01-01 00:00:00	0001-01-01 00:00:00	140124	753	975	http://www.pixiv.net/member_illust.php?mode=medium&amp;illust_id=60799652	/Images/3f9d2c858e1687cbcbe88abc453049e0.jpg	3f9d2c858e1687cbcbe88abc453049e0	699
687	0001-01-01 00:00:00	0001-01-01 00:00:00	358562	1000	1414	http://www.pixiv.net/member_illust.php?mode=medium&amp;illust_id=60409471	/Images/f1734e473f1ccafb919d1bb1da910930.jpg	f1734e473f1ccafb919d1bb1da910930	700
688	0001-01-01 00:00:00	0001-01-01 00:00:00	5265105	2894	4093	http://www.pixiv.net/member_illust.php?mode=medium&amp;illust_id=60620915	/Images/59866bb8111d4dd9ce384fc68504aed5.jpg	59866bb8111d4dd9ce384fc68504aed5	701
689	0001-01-01 00:00:00	0001-01-01 00:00:00	204941	1234	1735	http://www.pixiv.net/member_illust.php?mode=medium&amp;illust_id=60168167	/Images/5b0136557c41dcb57fd5599d4b0936b6.jpg	5b0136557c41dcb57fd5599d4b0936b6	702
690	0001-01-01 00:00:00	0001-01-01 00:00:00	4135842	2983	2066	http://www.pixiv.net/member_illust.php?mode=medium&amp;illust_id=60030045	/Images/7a400c3cc6a7ec31f078e56e8c15c473.png	7a400c3cc6a7ec31f078e56e8c15c473	703
691	0001-01-01 00:00:00	0001-01-01 00:00:00	224825	689	918	http://www.pixiv.net/member_illust.php?mode=medium&amp;illust_id=55118520	/Images/32bcf973299484a571d191ed06df9d57.jpg	32bcf973299484a571d191ed06df9d57	704
692	0001-01-01 00:00:00	0001-01-01 00:00:00	548602	1280	720	http://www.pixiv.net/member_illust.php?mode=medium&amp;illust_id=54254258	/Images/bc72846c444b6b03569d49560aee573e.png	bc72846c444b6b03569d49560aee573e	705
693	0001-01-01 00:00:00	0001-01-01 00:00:00	795134	738	1008	http://www.pixiv.net/member_illust.php?mode=medium&amp;illust_id=59487411	/Images/03ad6b76a6907dbe572f7c8c5310961b.png	03ad6b76a6907dbe572f7c8c5310961b	706
694	0001-01-01 00:00:00	0001-01-01 00:00:00	219788	690	921	http://photo.weibo.com/5732523783/talbum/detail/photo_id/4029784374069389?prel=p6_3	/Images/304589e3817797896116d47fb9361fc9.jpg	304589e3817797896116d47fb9361fc9	707
695	0001-01-01 00:00:00	0001-01-01 00:00:00	432820	473	700	http://www.pixiv.net/member_illust.php?mode=medium&amp;illust_id=57231896	/Images/a24df46613e00cb234d51fdccad99db0.jpg	a24df46613e00cb234d51fdccad99db0	708
696	0001-01-01 00:00:00	0001-01-01 00:00:00	296069	420	600	http://www.pixiv.net/member_illust.php?mode=medium&amp;illust_id=44854815	/Images/b9c1c86ba7346ee7ce02c4cffdd1d16a.png	b9c1c86ba7346ee7ce02c4cffdd1d16a	709
697	0001-01-01 00:00:00	0001-01-01 00:00:00	133341	791	1090	https://twitter.com/KWKM27c/status/763464062705414144	/Images/bbe5be44f782a7fcaa0a9f0a273455a2.jpg	bbe5be44f782a7fcaa0a9f0a273455a2	710
698	0001-01-01 00:00:00	0001-01-01 00:00:00	247821	2048	1448	https://twitter.com/jakojakojako/status/762281524632793088	/Images/ad93ee7c6d2c9eddf1a74d131e21b833.jpg	ad93ee7c6d2c9eddf1a74d131e21b833	711
699	0001-01-01 00:00:00	0001-01-01 00:00:00	61863	1000	852	https://twitter.com/tukumo99/status/763686419759935488	/Images/0649850a4f7f05a2d36218d29c399ad3.jpg	0649850a4f7f05a2d36218d29c399ad3	712
700	0001-01-01 00:00:00	0001-01-01 00:00:00	150126	512	724		/Images/944eaaa70e1244774e03ee77c6da24c4.png	944eaaa70e1244774e03ee77c6da24c4	713
707	0001-01-01 00:00:00	0001-01-01 00:00:00	503786	800	1105	http://www.pixiv.net/member_illust.php?mode=medium&amp;illust_id=56066385	/Images/f0e72e6cbbe6f81c0de8e757ed89f08f.jpg	f0e72e6cbbe6f81c0de8e757ed89f08f	720
708	0001-01-01 00:00:00	0001-01-01 00:00:00	73372	600	800	https://twitter.com/shakai_dorei/status/713793049315282944	/Images/05455486164a7a86f3d698a6008fe2a3.jpg	05455486164a7a86f3d698a6008fe2a3	721
709	0001-01-01 00:00:00	0001-01-01 00:00:00	655296	1000	931	https://twitter.com/offcar18/status/688607770438848512/photo/1	/Images/cfa3f056cbc4cfc69179cd0c20eaedd4.png	cfa3f056cbc4cfc69179cd0c20eaedd4	722
710	0001-01-01 00:00:00	0001-01-01 00:00:00	372892	451	1000	https://twitter.com/offcar18/status/688607770438848512/photo/1	/Images/47b77cdd0064348e244bf7e7ef447fe9.png	47b77cdd0064348e244bf7e7ef447fe9	723
711	0001-01-01 00:00:00	0001-01-01 00:00:00	245064	1000	1000	http://www.pixiv.net/member_illust.php?mode=medium&amp;illust_id=53224560	/Images/a3a872eccfea9fd6834c0e08ec9a0fa7.jpg	a3a872eccfea9fd6834c0e08ec9a0fa7	724
712	0001-01-01 00:00:00	0001-01-01 00:00:00	645556	677	877	http://www.pixiv.net/member_illust.php?mode=medium&amp;illust_id=54551238	/Images/880f084d237f8283c191c76ee751ca49.png	880f084d237f8283c191c76ee751ca49	725
713	0001-01-01 00:00:00	0001-01-01 00:00:00	385707	689	1002	http://www.pixiv.net/member_illust.php?mode=medium&amp;illust_id=53735355	/Images/e8c9855a7040dab2cfae01a9e696528c.png	e8c9855a7040dab2cfae01a9e696528c	726
714	0001-01-01 00:00:00	0001-01-01 00:00:00	1538174	1500	1500	http://www.pixiv.net/member_illust.php?mode=medium&amp;illust_id=53793150	/Images/ed8e240277997bb715e31d7b3e03c1bf.png	ed8e240277997bb715e31d7b3e03c1bf	727
715	0001-01-01 00:00:00	0001-01-01 00:00:00	565290	508	888	http://www.pixiv.net/member_illust.php?mode=medium&amp;illust_id=54094392	/Images/22c2e33f1b2c3af1fc193742483f5d7a.png	22c2e33f1b2c3af1fc193742483f5d7a	728
716	0001-01-01 00:00:00	0001-01-01 00:00:00	1577414	706	1000	http://www.pixiv.net/member_illust.php?mode=medium&amp;illust_id=53963177	/Images/d2569256ad063668067c8d77cb63cb5d.png	d2569256ad063668067c8d77cb63cb5d	729
717	0001-01-01 00:00:00	0001-01-01 00:00:00	651450	992	1403	http://www.pixiv.net/member_illust.php?mode=medium&amp;illust_id=53916393	/Images/a8e018a04af4aa21bc044a7bcfed48f9.jpg	a8e018a04af4aa21bc044a7bcfed48f9	730
718	0001-01-01 00:00:00	0001-01-01 00:00:00	278360	1024	1280	http://www.pixiv.net/member_illust.php?mode=medium&amp;illust_id=53692246	/Images/516194d4cc95049f2f87ba25ad501824.jpg	516194d4cc95049f2f87ba25ad501824	731
719	0001-01-01 00:00:00	0001-01-01 00:00:00	109974	1024	1280	https://twitter.com/bansanv3/status/666008922864553984	/Images/8abe68cb1e377f9889ad4eda80bf2ae9.jpg	8abe68cb1e377f9889ad4eda80bf2ae9	732
720	0001-01-01 00:00:00	0001-01-01 00:00:00	1943803	900	1750	http://www.pixiv.net/member_illust.php?mode=medium&amp;illust_id=52378001	/Images/1f4b048d4e4a06493b2a608d57efb6b5.jpg	1f4b048d4e4a06493b2a608d57efb6b5	733
721	0001-01-01 00:00:00	0001-01-01 00:00:00	659051	774	1068	http://www.pixiv.net/member_illust.php?mode=medium&amp;illust_id=52570867	/Images/bdf576360c3ff959877c4eafdd54789d.png	bdf576360c3ff959877c4eafdd54789d	734
722	0001-01-01 00:00:00	0001-01-01 00:00:00	174997	750	520	http://www.pixiv.net/member_illust.php?mode=medium&amp;illust_id=52254411	/Images/a831e03f16bcaf44685c54b85ec65db7.jpg	a831e03f16bcaf44685c54b85ec65db7	735
723	0001-01-01 00:00:00	0001-01-01 00:00:00	673736	2000	1200	http://www.pixiv.net/member_illust.php?mode=medium&amp;illust_id=52280771	/Images/b0df2ab49798cc41176f2cd79eebc89d.jpg	b0df2ab49798cc41176f2cd79eebc89d	736
724	0001-01-01 00:00:00	0001-01-01 00:00:00	614513	1000	481	http://www.pixiv.net/member_illust.php?mode=medium&amp;illust_id=52462966	/Images/4db810bd2659d1313add2234c3b374e4.png	4db810bd2659d1313add2234c3b374e4	737
725	0001-01-01 00:00:00	0001-01-01 00:00:00	397660	700	1135	http://www.pixiv.net/member_illust.php?mode=medium&amp;illust_id=52429244	/Images/2b29cceaf052b8968ceb7374a6b8348b.png	2b29cceaf052b8968ceb7374a6b8348b	738
726	0001-01-01 00:00:00	0001-01-01 00:00:00	1203861	716	800	http://www.pixiv.net/member_illust.php?mode=medium&amp;illust_id=49421068	/Images/dbcca612e8cf938173a5d9a618b6f433.png	dbcca612e8cf938173a5d9a618b6f433	739
727	0001-01-01 00:00:00	0001-01-01 00:00:00	695511	491	800	http://www.pixiv.net/member_illust.php?mode=medium&amp;illust_id=49421068	/Images/d3cc3c324226bbd6a6c41deb9ab0dcaa.png	d3cc3c324226bbd6a6c41deb9ab0dcaa	740
728	0001-01-01 00:00:00	0001-01-01 00:00:00	921721	1023	781	http://www.pixiv.net/member_illust.php?mode=medium&amp;illust_id=53073716	/Images/ed7c1609fa611046a24aacf265e8bbde.jpg	ed7c1609fa611046a24aacf265e8bbde	741
729	0001-01-01 00:00:00	0001-01-01 00:00:00	366463	500	708	http://www.pixiv.net/member_illust.php?mode=medium&amp;illust_id=53073732	/Images/e79a8937c326448a5d4b8bb6cb92ffef.png	e79a8937c326448a5d4b8bb6cb92ffef	742
730	0001-01-01 00:00:00	0001-01-01 00:00:00	705880	819	1045	http://www.pixiv.net/member_illust.php?mode=medium&amp;illust_id=52925083	/Images/52a9df21637c1b255429e700de285059.jpg	52a9df21637c1b255429e700de285059	743
731	0001-01-01 00:00:00	0001-01-01 00:00:00	680507	796	1000	http://www.pixiv.net/member_illust.php?mode=medium&amp;illust_id=47329290	/Images/ec674d5304d607a732fb945310f8bd6c.jpg	ec674d5304d607a732fb945310f8bd6c	744
732	0001-01-01 00:00:00	0001-01-01 00:00:00	1005646	818	1158	http://fategrandorder.wikia.com/wiki/File:Emiya4.png	/Images/b0e424714d939813ffa4f5482aaebe14.png	b0e424714d939813ffa4f5482aaebe14	745
733	0001-01-01 00:00:00	0001-01-01 00:00:00	893809	818	1158	http://fategrandorder.wikia.com/wiki/File:Emiya2.png	/Images/57e771b631bb505f35cb3d153583ed4f.png	57e771b631bb505f35cb3d153583ed4f	746
734	0001-01-01 00:00:00	0001-01-01 00:00:00	772120	818	1158	http://fategrandorder.wikia.com/wiki/File:Emiya1.png	/Images/d1402b62f4766cfc2e4f3bd3b1fd1e75.png	d1402b62f4766cfc2e4f3bd3b1fd1e75	747
735	0001-01-01 00:00:00	0001-01-01 00:00:00	882836	818	1158	http://fategrandorder.wikia.com/wiki/File:Emiya3.png	/Images/d56c7c927707123058079199d7e0619f.png	d56c7c927707123058079199d7e0619f	748
736	0001-01-01 00:00:00	0001-01-01 00:00:00	1089581	931	1096	http://www.pixiv.net/member_illust.php?mode=medium&amp;illust_id=52610620	/Images/79131191300d964e44312fadf6860bc1.png	79131191300d964e44312fadf6860bc1	749
737	0001-01-01 00:00:00	0001-01-01 00:00:00	546744	1000	661	http://www.pixiv.net/member_illust.php?mode=medium&amp;illust_id=52223978	/Images/9fc8ce1cd28f4ab6b91b18ac897d3580.png	9fc8ce1cd28f4ab6b91b18ac897d3580	750
738	0001-01-01 00:00:00	0001-01-01 00:00:00	244031	450	975	http://www.pixiv.net/member_illust.php?mode=medium&amp;illust_id=52223978	/Images/dcbf1e7ecad45d702977bc9e3c712626.png	dcbf1e7ecad45d702977bc9e3c712626	751
739	0001-01-01 00:00:00	0001-01-01 00:00:00	417808	1000	638	http://www.pixiv.net/member_illust.php?mode=medium&amp;illust_id=51995122	/Images/dce3bcc47005a67a006ed1ef22106bcd.jpg	dce3bcc47005a67a006ed1ef22106bcd	752
740	0001-01-01 00:00:00	0001-01-01 00:00:00	496006	700	531	http://www.pixiv.net/member_illust.php?mode=medium&amp;illust_id=52129424	/Images/564ed74d1de00cf55edb384d9a9056f6.png	564ed74d1de00cf55edb384d9a9056f6	753
\.


--
-- Data for Name: pictures_artists; Type: TABLE DATA; Schema: public; Owner: postgres
--

COPY pictures_artists (picture_id, artist_id) FROM stdin;
659	483
662	486
663	487
665	489
685	508
686	509
687	510
688	511
689	512
690	513
691	514
692	515
693	516
695	517
696	518
697	519
698	520
699	521
700	522
701	523
702	524
703	524
704	525
705	526
706	527
707	528
708	529
709	530
710	530
711	531
712	532
713	533
714	534
715	535
716	536
717	537
718	538
719	538
720	539
721	540
722	541
723	542
724	543
725	544
726	545
727	545
728	546
729	546
730	547
731	548
732	549
733	549
734	549
735	549
736	550
737	551
738	551
739	536
740	552
\.


--
-- Data for Name: pictures_characters; Type: TABLE DATA; Schema: public; Owner: postgres
--

COPY pictures_characters (picture_id, character_id) FROM stdin;
659	330
659	331
662	334
662	330
662	331
663	334
663	335
665	334
665	331
685	334
685	348
685	349
686	334
687	334
688	334
689	334
690	334
690	350
690	351
691	334
692	334
693	334
693	350
693	351
694	334
695	334
696	334
696	352
697	334
697	331
698	334
699	334
700	334
701	334
702	334
703	334
704	334
704	353
705	334
705	354
706	334
707	334
708	334
709	334
709	331
710	334
710	331
711	334
712	334
712	355
713	334
714	334
714	356
714	357
715	334
716	334
717	334
717	331
718	334
718	331
719	334
719	331
720	334
720	358
720	359
720	360
720	356
720	361
720	355
720	362
720	363
720	364
720	331
721	334
722	334
723	334
724	334
725	334
725	365
726	334
727	334
728	334
729	334
730	334
730	366
731	334
732	334
733	334
734	334
735	334
736	334
737	334
738	334
739	334
740	334
\.


--
-- Name: pictures_picture_id_seq; Type: SEQUENCE SET; Schema: public; Owner: postgres
--

SELECT pg_catalog.setval('pictures_picture_id_seq', 740, true);


--
-- Data for Name: pictures_series; Type: TABLE DATA; Schema: public; Owner: postgres
--

COPY pictures_series (picture_id, series_id) FROM stdin;
659	9
659	10
662	15
662	16
663	17
663	18
663	19
665	22
665	23
\.


--
-- Data for Name: series; Type: TABLE DATA; Schema: public; Owner: postgres
--

COPY series (series_id, name) FROM stdin;
9	Fate/Grand Order
10	Fate (series)
13	Fate/Stay Night
14	Fate (series)
15	Fate/Grand Order
16	Fate (series)
17	Fate/Kaleid Liner Prisma Illya
18	Fate/Stay Night
19	Fate (series)
20	Fate/Stay Night
21	Fate (series)
22	Fate/Stay Night
23	Fate (series)
\.


--
-- Name: series_series_id_seq; Type: SEQUENCE SET; Schema: public; Owner: postgres
--

SELECT pg_catalog.setval('series_series_id_seq', 23, true);


--
-- Data for Name: sources; Type: TABLE DATA; Schema: public; Owner: postgres
--

COPY sources (source_id, danbooru_id, pixiv_id, minitokyo_id) FROM stdin;
650	2563112	0	0
651	2550277	0	0
652	2541710	0	0
653	2514801	0	0
654	2504368	0	0
655	2495105	0	0
656	2490097	0	0
657	2403739	0	0
658	2374874	0	0
659	2339885	0	0
660	2332585	0	0
661	2315029	0	0
662	2303768	0	0
663	2226252	0	0
664	2214403	0	0
665	2203518	0	0
666	2203480	0	0
667	2172385	0	0
672	0	0	0
674	0	0	0
675	0	0	0
676	0	0	0
677	0	0	0
678	0	0	0
698	2599155	0	0
699	2591012	0	0
700	2586885	0	0
701	2583921	0	0
702	2560285	0	0
703	2550277	0	0
704	2545318	0	0
705	2543049	0	0
706	2514801	0	0
707	2512781	0	0
708	2511878	0	0
709	2499914	0	0
710	2468214	0	0
711	2456525	0	0
712	2456515	0	0
713	2375026	0	0
714	2373630	0	0
715	2335500	0	0
716	2335499	0	0
717	2333654	0	0
718	2327693	0	0
719	2317122	0	0
720	2315492	0	0
721	2315031	0	0
722	2246930	0	0
723	2246928	0	0
724	2240207	0	0
725	2235425	0	0
726	2214407	0	0
727	2214403	0	0
728	2214360	0	0
729	2205337	0	0
730	2201889	0	0
731	2187405	0	0
732	2180067	0	0
733	2159293	0	0
734	2159202	0	0
735	2157954	0	0
736	2157952	0	0
737	2157920	0	0
738	2157913	0	0
739	2157825	0	0
740	2157824	0	0
741	2157815	0	0
742	2157814	0	0
743	2143512	0	0
744	2137103	0	0
745	2135737	0	0
746	2135734	0	0
747	2135732	0	0
748	2135731	0	0
749	2127604	0	0
750	2108098	0	0
751	2108092	0	0
752	2104015	0	0
753	2103838	0	0
\.


--
-- Name: sources_source_id_seq; Type: SEQUENCE SET; Schema: public; Owner: postgres
--

SELECT pg_catalog.setval('sources_source_id_seq', 753, true);


--
-- Data for Name: tags_dict; Type: TABLE DATA; Schema: public; Owner: postgres
--

COPY tags_dict (tag_id, name) FROM stdin;
4687	Black legwear
4688	Black panties
4689	Bra
4692	Black hair
4694	Bow
4695	Closed eyes
4696	Dark skin
4697	Dark skinned male
4698	Frown
4699	Hair bow
4700	Hug
4702	Sweatdrop
4703	Two side up
4704	White hair
5057	Black_legwear
5062	Japanese_clothes
5065	Pom_pom_(clothes)
5066	Seiyuu_connection
5067	Sengo_muramasa_(touken_ranbu)_(cosplay)
5175	Cooking
5074	Bespectacled
5075	Butler
5078	English
5082	Necktie
5083	Short_hair
5086	Suit
5087	Tea_set
5088	Tray
5177	Dark_skin
4684	1girl
5090	Close-up
5091	Dark_skin
5092	Dark_skinned_male
5093	Fingernails
5094	Hands
5095	Head_out_of_frame
5097	Jewelry
5098	Male_focus
5099	Necklace
5100	Outstretched_hand
5101	Pendant
5102	Reaching_out
5103	Solo
5178	Dark_skinned_male
5104	Absurdres
5105	Alternate_costume
5106	Belt_collar
5108	Black_santa_costume
5110	Commentary_request
5111	Curtains
5112	Dark_persona
5113	Dark_skin
5114	Dark_skinned_male
5115	Fur_coat
5116	Fur_trim
5118	Hat
5120	Red_earrings
5121	Sack
5122	Santa_costume
5123	Santa_hat
5124	Solo
5125	White_hair
5179	Egg
5128	Blue_sky
5131	Cloudy_sky
5132	Dark
5134	Fantasy
5135	Field_of_blades
5136	From_behind
5138	Highres
5139	Light_particles
5140	Planted_sword
5141	Planted_weapon
5142	Scenery
5144	Solo
5145	Sparkle
5151	Commentary_request
5152	Headband
5153	Highres
5157	Orange_eyes
5158	Red_background
5159	Short_sword
5160	Solo
5181	Fried_egg
5163	Dark_skin
5164	Dark_skinned_male
5167	Male_focus
5169	Short_sword
5170	Solo
5171	Sword
5172	Weapon
5173	White_hair
5174	Bacon
5187	Male_focus
5189	Outstretched_arm
5191	Sausage
5193	Smug
5194	Solo
5195	Sparkle
5196	Spatula
5197	Translated
5198	Upper_body
5200	White_hair
4693	Blush
5203	Cropped_jacket
5204	Expressionless
5205	Headband
5207	Looking_down
4685	1boy
4686	1girl
4690	1boy
5127	Backlighting
5201	Belt
5202	Cape
5185	Jacket
5208	Open_clothes
5209	Open_jacket
5109	Boots
5180	Food
5165	Dual_wielding
5176	Cropped_jacket
5079	Formal
4691	1girl
5146	Standing
5156	Igote
5096	Highres
5137	Gears
5073	Alternate_costume
5107	Black_gloves
5085	Speech_bubble
5166	Kanshou_&amp;_bakuya
5119	Highres
5182	Frying_pan
5192	Simple_background
5080	Glasses
5068	Short_hair
5199	White_background
5058	Brown_eyes
5071	Translation_request
5126	Yellow_eyes
5076	Dark_skin
5081	Male_focus
5183	Grey_eyes
5077	Dark_skinned_male
5150	Armor
5147	Sword
5149	Weapon
5206	Jacket
5084	Solo
5130	Cloud
5059	Cosplay
5148	Unlimited_blade_works
5188	One_eye_closed
5184	Holding
5155	Holding_weapon
5190	Red_jacket
5143	Sky
5070	Thighhighs
5161	Sword
5210	Profile
5211	Raglan_sleeves
5212	Red_hair
5213	Red_jacket
5214	Snow
5215	Solo
5216	Sword
5217	Weapon
5218	Artist_request
5219	Chen_kun
5220	Cosplay
5221	Dark_skin
5222	Dark_skinned_male
5223	Male_focus
5224	Photo
5225	Solo
5371	Abs
5226	Abstract_background
5228	Cape
5229	Covered_nipples
5231	Cropped_jacket
5232	Dark_skin
5235	Grey_eyes
5236	Holding
5237	Holding_weapon
5238	Jacket
5239	Kanshou_&amp;_bakuya
5240	Long_sleeves
5241	Looking_to_the_side
5244	Navel_cutout
5245	Red_cape
5246	Red_jacket
5248	Short_hair
5251	Solo
5253	Thighhighs
5255	Weapon
5256	White_hair
5259	Black_legwear
5260	Black_shorts
5262	Brown_eyes
5265	Collarbone
5266	Convenient_censoring
5267	Cosplay
5268	Dual_wielding
5269	Hairband
5270	Holding
5272	Holding_weapon
5273	Jacket
5274	Kanshou_&amp;_bakuya
5277	Medium_breasts
5279	Open_clothes
5280	Open_jacket
5281	Red_hairband
5282	Red_jacket
5286	Solo
5287	Sword
5288	Thighhighs
5289	Weapon
5290	Yin_yang
5292	Arm_up
5293	Armpits
5295	Black_gloves
5296	Black_legwear
5300	Cloud
5301	Cosplay
5306	Kneeling
5308	Looking_at_viewer
5309	Medium_breasts
5310	Navel
5311	Reverse_grip
5313	Sky
5314	Solo
5315	Sunset
5316	Thigh_strap
5317	Thighhighs
5318	Thong
5320	Unlimited_blade_works
5321	Very_long_hair
5322	Blood
5323	Cloak
5324	Coin_purse
5325	Dark_skin
5326	Dark_skinned_male
5327	Gameplay_mechanics
5328	Gift_card
5329	Gloves
5330	Highres
5331	Kanshou_&amp;_bakuya
5332	Male_focus
5333	Solo
5334	Sword
5335	Wallet
5336	Weapon
5337	White_hair
5339	Commentary
5340	Dark_skin
5341	Dark_skinned_male
5342	Gift_card
5343	Looking_back
5344	Male_focus
5345	Solo
5346	Translated
5347	White_hair
5365	Highres
5299	Brown_hair
5348	April_fools
5349	Chibi
5350	Dark_skin
5351	Dark_skinned_male
5352	Dual_wielding
5353	Kanshou_&amp;_bakuya
5354	Male_focus
5356	Serious
5357	Solid_circle_eyes
5358	Solo
5359	Sword
5360	Weapon
5361	White_hair
5363	Dark_skin
5364	Dark_skinned_male
5366	Kanshou_&amp;_bakuya
5368	Solo
5369	Sword
5370	Weapon
4683	1boy
5372	Box
5373	Covered_mouth
5374	Covering_mouth
5375	Gift
5376	Gift_box
5377	Hand_over_own_mouth
5378	Holding_gift
5379	Lens_flare
5380	Silver_eyes
5381	Sitting
5247	Shirt
5258	Archer_(cosplay)
5227	Black_shirt
5263	Cleavage
5338	Back
5298	Breasts
5129	Blurry
5362	Crossed_arms
5294	Bare_shoulders
5297	Blue_eyes
5305	Hair_ribbon
5303	Fingerless_gloves
5261	Breasts
5250	Shorts
5254	Waist_cape
5291	Archer_(cosplay)
5271	Holding_sword
5243	Navel
5233	Genderswap
5234	Genderswap_(mtf)
5304	Gloves
5302	Crop_top
5307	Long_hair
5242	Midriff
5278	Navel
5249	Short_shorts
4701	Smile
5276	Looking_at_viewer
5355	Official_art
5367	Silver_hair
5252	Tassel
5382	Abs
5383	Arms_at_sides
5384	Beige_background
5385	Black_eyes
5386	Black_pants
5388	Chain
5389	Chest
5390	Glowing
5391	Glowing_eye
5392	Heterochromia
5393	Legs_apart
5394	Lens_flare
5395	Pants
5396	Parted_lips
5397	Petals
5398	Shade
5399	Unzipped
5400	Zipper
5264	Collar
5230	Cowboy_shot
5453	Black_hair
5454	Flat_ass
5455	Grey_background
5445	Bad_pixiv_id
5457	Ass
5458	Black_hair
5502	Md5_mismatch
5459	Flat_ass
5460	Grey_background
5401	Animal_ears
5402	Cropped_legs
5403	Thigh_gap
5404	Wolf_ears
5461	Twintails
5089	White_hair
5405	Blue_background
5406	Large_breasts
5407	Lipstick
5408	Makeup
5409	Pink_hair
5410	Scar
5411	Twitter_username
5462	Ahoge
5463	Bench
5412	2016
5413	Aiming
5414	Ass
5415	Ball
5416	Bent_over
5417	Billiards
5418	Black_pants
5419	Closed_mouth
5420	Cue_ball
5421	Cue_stick
5422	Dated
5423	One_leg_raised
5424	Pants
5425	Red_vest
5426	Shadow
5427	Silver_eyes
5428	Standing_on_one_leg
5429	Vest
5464	Blonde_hair
5465	Hamburger
5133	Depth_of_field
5154	Holding
5186	Long_sleeves
5466	Logo
5284	Signature
5467	Monochrome
5430	Bow_(weapon)
5431	Glowing
5432	Glowing_weapon
5469	Sitting
5069	Solo
5470	Grey_hair
5471	Electricity
5434	Bad_twitter_id
5435	Greyscale
5436	Monochrome
5437	Spitting
5472	Arrow
5473	Corset
5438	Aqua_eyes
5474	Hood
5475	Little_red_riding_hood_(cosplay)
5439	Aqua_eyes
5476	Graphite_(medium)
5312	Ribbon
5477	Traditional_media
5478	Colored_pencil_(medium)
5319	Two_side_up
5257	Zettai_ryouiki
5440	Adjusting_glasses
5441	Sitting
5442	T-shirt
5479	Traditional_media
5456	Twintails
5480	Arrow
5285	Silver_hair
5481	Gibbous_moon
5482	Moon
5483	Night
5484	Quiver
5443	Muted_color
5485	Star_(sky)
5486	Starry_sky
5468	Scarf
5487	Breastplate
5488	Bridge
5489	Dusk
5490	Showgirl_skirt
5168	Red_eyes
5283	Shorts
5064	Male_focus
5503	Sleeveless
5491	Black_background
5060	Dark_skin
5061	Dark_skinned_male
5072	White_hair
5444	Bad_id
5446	Derivative_work
5447	Large_breasts
5448	Miniskirt
5449	Shiny
5450	Shiny_skin
5451	Skirt
5117	Gloves
5275	Long_hair
5063	Looking_at_viewer
5387	Bow_(weapon)
5452	Ass
5492	Upscaled
5493	Waifu2x
5494	Arrow
5495	Upscaled
5496	Waifu2x
5497	Upscaled
5498	Waifu2x
5499	Arrow
5500	Upscaled
5501	Waifu2x
5162	Weapon
5504	Sketch
5433	Bad_id
\.


--
-- Name: tags_tag_id_seq; Type: SEQUENCE SET; Schema: public; Owner: postgres
--

SELECT pg_catalog.setval('tags_tag_id_seq', 5504, true);


--
-- Name: artists artists_pkey; Type: CONSTRAINT; Schema: public; Owner: postgres
--

ALTER TABLE ONLY artists
    ADD CONSTRAINT artists_pkey PRIMARY KEY (artist_id);


--
-- Name: character_sources character_id_pkey; Type: CONSTRAINT; Schema: public; Owner: postgres
--

ALTER TABLE ONLY character_sources
    ADD CONSTRAINT character_id_pkey PRIMARY KEY (character_id);


--
-- Name: characters character_name_unique; Type: CONSTRAINT; Schema: public; Owner: postgres
--

ALTER TABLE ONLY characters
    ADD CONSTRAINT character_name_unique UNIQUE (danbooru_name);


--
-- Name: character_tags character_tags_pkey; Type: CONSTRAINT; Schema: public; Owner: postgres
--

ALTER TABLE ONLY character_tags
    ADD CONSTRAINT character_tags_pkey PRIMARY KEY (character_tag_id);


--
-- Name: characters characters_pkey; Type: CONSTRAINT; Schema: public; Owner: postgres
--

ALTER TABLE ONLY characters
    ADD CONSTRAINT characters_pkey PRIMARY KEY (character_id);


--
-- Name: pictures_artists pictures_artists_pkey; Type: CONSTRAINT; Schema: public; Owner: postgres
--

ALTER TABLE ONLY pictures_artists
    ADD CONSTRAINT pictures_artists_pkey PRIMARY KEY (picture_id, artist_id);


--
-- Name: pictures_characters pictures_characters_pkey; Type: CONSTRAINT; Schema: public; Owner: postgres
--

ALTER TABLE ONLY pictures_characters
    ADD CONSTRAINT pictures_characters_pkey PRIMARY KEY (picture_id, character_id);


--
-- Name: pictures pictures_pkey; Type: CONSTRAINT; Schema: public; Owner: postgres
--

ALTER TABLE ONLY pictures
    ADD CONSTRAINT pictures_pkey PRIMARY KEY (picture_id);


--
-- Name: pictures_series pictures_series_pkey; Type: CONSTRAINT; Schema: public; Owner: postgres
--

ALTER TABLE ONLY pictures_series
    ADD CONSTRAINT pictures_series_pkey PRIMARY KEY (picture_id, series_id);


--
-- Name: series series_pkey; Type: CONSTRAINT; Schema: public; Owner: postgres
--

ALTER TABLE ONLY series
    ADD CONSTRAINT series_pkey PRIMARY KEY (series_id);


--
-- Name: sources sources_pkey; Type: CONSTRAINT; Schema: public; Owner: postgres
--

ALTER TABLE ONLY sources
    ADD CONSTRAINT sources_pkey PRIMARY KEY (source_id);


--
-- Name: tags_dict tags_pkey; Type: CONSTRAINT; Schema: public; Owner: postgres
--

ALTER TABLE ONLY tags_dict
    ADD CONSTRAINT tags_pkey PRIMARY KEY (tag_id);


--
-- Name: fki_pictures_sources_fkey; Type: INDEX; Schema: public; Owner: postgres
--

CREATE INDEX fki_pictures_sources_fkey ON pictures USING btree (source_id);


--
-- Name: character_sources character_id_fkey; Type: FK CONSTRAINT; Schema: public; Owner: postgres
--

ALTER TABLE ONLY character_sources
    ADD CONSTRAINT character_id_fkey FOREIGN KEY (character_id) REFERENCES characters(character_id) ON UPDATE CASCADE ON DELETE CASCADE;


--
-- Name: pictures_artists pictures_artists_artist_id_fkey; Type: FK CONSTRAINT; Schema: public; Owner: postgres
--

ALTER TABLE ONLY pictures_artists
    ADD CONSTRAINT pictures_artists_artist_id_fkey FOREIGN KEY (artist_id) REFERENCES artists(artist_id) ON UPDATE CASCADE ON DELETE CASCADE;


--
-- Name: pictures_artists pictures_artists_picture_id_fkey; Type: FK CONSTRAINT; Schema: public; Owner: postgres
--

ALTER TABLE ONLY pictures_artists
    ADD CONSTRAINT pictures_artists_picture_id_fkey FOREIGN KEY (picture_id) REFERENCES pictures(picture_id) ON UPDATE CASCADE ON DELETE CASCADE;


--
-- Name: pictures_characters pictures_characters_character_id_fkey; Type: FK CONSTRAINT; Schema: public; Owner: postgres
--

ALTER TABLE ONLY pictures_characters
    ADD CONSTRAINT pictures_characters_character_id_fkey FOREIGN KEY (character_id) REFERENCES characters(character_id) ON UPDATE CASCADE ON DELETE RESTRICT;


--
-- Name: pictures_characters pictures_characters_picture_id_fkey; Type: FK CONSTRAINT; Schema: public; Owner: postgres
--

ALTER TABLE ONLY pictures_characters
    ADD CONSTRAINT pictures_characters_picture_id_fkey FOREIGN KEY (picture_id) REFERENCES pictures(picture_id) ON UPDATE CASCADE ON DELETE CASCADE;


--
-- Name: pictures_series pictures_series_picture_id_fkey; Type: FK CONSTRAINT; Schema: public; Owner: postgres
--

ALTER TABLE ONLY pictures_series
    ADD CONSTRAINT pictures_series_picture_id_fkey FOREIGN KEY (picture_id) REFERENCES pictures(picture_id) ON UPDATE CASCADE ON DELETE CASCADE;


--
-- Name: pictures_series pictures_series_series_id_fkey; Type: FK CONSTRAINT; Schema: public; Owner: postgres
--

ALTER TABLE ONLY pictures_series
    ADD CONSTRAINT pictures_series_series_id_fkey FOREIGN KEY (series_id) REFERENCES series(series_id) ON UPDATE CASCADE ON DELETE RESTRICT;


--
-- Name: pictures pictures_sources_fkey; Type: FK CONSTRAINT; Schema: public; Owner: postgres
--

ALTER TABLE ONLY pictures
    ADD CONSTRAINT pictures_sources_fkey FOREIGN KEY (source_id) REFERENCES sources(source_id);


--
-- Name: character_tags pictures_tags_character_id_fkey; Type: FK CONSTRAINT; Schema: public; Owner: postgres
--

ALTER TABLE ONLY character_tags
    ADD CONSTRAINT pictures_tags_character_id_fkey FOREIGN KEY (character_id) REFERENCES characters(character_id) ON UPDATE CASCADE ON DELETE RESTRICT;


--
-- Name: character_tags pictures_tags_picture_id_fkey; Type: FK CONSTRAINT; Schema: public; Owner: postgres
--

ALTER TABLE ONLY character_tags
    ADD CONSTRAINT pictures_tags_picture_id_fkey FOREIGN KEY (picture_id) REFERENCES pictures(picture_id) ON UPDATE CASCADE ON DELETE CASCADE;


--
-- Name: character_tags pictures_tags_tags_id_fkey; Type: FK CONSTRAINT; Schema: public; Owner: postgres
--

ALTER TABLE ONLY character_tags
    ADD CONSTRAINT pictures_tags_tags_id_fkey FOREIGN KEY (tags_id) REFERENCES tags_dict(tag_id) ON UPDATE CASCADE ON DELETE CASCADE;


--
-- PostgreSQL database dump complete
--

